HIF_meta_gene,HALLMARK_ANGIOGENESIS,MP6_Hypoxia,HALLMARK_HYPOXIA,MP1_G2_M,MP2_G1_S,HALLMARK_E2F_TARGETS,HALLMARK_MYC_TARGETS_V1,HALLMARK_MYC_TARGETS_V2,HALLMARK_G2M_CHECKPOINT,HALLMARK_MITOTIC_SPINDLE,PT_VCAM1_sig,PT_enriched,PT_enriched_broad,Epithelial_Sig_kidney,MP5_Stress ,MP7_Stress_InVitro,MP19_Epithelial_Senescence,MP39_Metal_response,HALLMARK_DNA_REPAIR,HALLMARK_UV_RESPONSE_DN,HALLMARK_UV_RESPONSE_UP,MP12_EMT_I,MP13_EMT_II,MP14_EMT_III,MP15_EMT_IV,HALLMARK_EPITHELIAL_MESENCHYMAL_TRANSITION,MP22_Secreted_I,MP23_Secreted_II,MP38_Glutathione,HALLMARK_ESTROGEN_RESPONSE_EARLY,HALLMARK_ESTROGEN_RESPONSE_LATE,HALLMARK_TNFA_SIGNALING_VIA_NFKB,HALLMARK_IL2_STAT5_SIGNALING,HALLMARK_INFLAMMATORY_RESPONSE,HALLMARK_INTERFERON_ALPHA_RESPONSE,HALLMARK_INTERFERON_GAMMA_RESPONSE,HALLMARK_KRAS_SIGNALING_UP,HALLMARK_MTORC1_SIGNALING,HALLMARK_NOTCH_SIGNALING,HALLMARK_PI3K_AKT_MTOR_SIGNALING,HALLMARK_TGF_BETA_SIGNALING
ADM,APOH,NDRG1,ACKR3,TOP2A,PCNA,AK2,ABCE1,AIMP2,ABL1,ABI1,VCAM1,TMEM174,ACSM2A,CUBN,ATF3,DDIT3,SLPI,MT1X,AAAS,ABCC1,ABCB1,COL1A2,LAMC2,ANXA2,KRT15,ABI3BP,CXCL8,LCN2,NAT8,ABAT,ABCA3,ABCA1,ABCB1,ABCA1,ADAR,ADAR,ABCB1,ABCF2,APH1A,ACACA,ACVR1
AK4,APP,BNIP3,ADM,UBE2C,RRM2,ANP32E,ACP1,BYSL,AMD1,ABL1,SLC17A3,SLC7A13,AVP,LRP2,EGR1,SLC3A2,S100A9,CAV1,ADA,ACVR2A,ACAA1,SPARC,LAMB3,KRT19,CXCL14,ACTA2,PHLDA1,CP,ACSM2B,ABCA3,ABHD2,ACKR3,ADAM19,ABI1,B2M,APOL6,ACE,ACACA,ARRB1,ACTR2,APC
ALDOA,CCND2,SLC2A1,ADORA2B,HMGB2,FEN1,ASF1A,AIMP2,CBX3,ARID4A,ABR,ICAM1,SLC22A12,UGT1A9,SLC17A3,FOS,TRIB3,LCN2,MT1E,ADCY6,ADD3,AGO2,COL1A1,LAMA3,S100A6,ALDH3A1,ADAM12,MAFF,WFDC2,LGALS2,ABHD2,ACOX2,AREG,AGER,ACVR1B,BATF2,ARID5B,ADAM17,ACLY,CCND1,ACTR3,ARID4B
ANGPTL4,COL3A1,P4HA1,AK4,NUSAP1,GINS2,ASF1B,AP3S1,CDK4,ATF5,ACTN4,VIM,SLC22A8,ACSM2B,GATM,PPP1R15A,ASNS,S100A8,C5ORF46,ADRM1,ADGRL2,ALAS1,COL3A1,EMP3,TNFRSF12A,DAPL1,ANPEP,KDM6B,AGR2,AMN,ABLIM1,ADD3,ATF3,AHCY,ACVR2A,BST2,ARL4A,ADAM8,ACSL3,CUL1,ADCY2,BCAR3
ANKRD37,COL5A2,VEGFA,AKAP12,CENPF,TYMS,ATAD2,APEX1,DCTPP1,ATRX,AKAP13,ITGB8,SLC6A18,OXT,GLYAT,JUN,HERPUD1,KRT16,TGFBI,AGO4,ADORA2B,ALDOA,IGFBP7,TGFBI,KRT7,DST,APLP1,EPHA2,C3,BBOX1,ADCY1,AFF1,ATP2B1,AHNAK,ADGRE1,C1S,AUTS2,ADAMDEC1,ACTR2,DLL1,AKT1,BMP2
BHLHE40,CXCL6,ENO2,ALDOA,CCNB1,MCM3,AURKA,BUB3,DDX18,AURKA,ALMS1,PIGR,SLC34A1,BPI,CLDN10,DUSP1,PPP1R15A,C15ORF48,CEBPB,AK1,AGGF1,AMD1,TAGLN,TNFRSF12A,LGALS1,CCL2,AREG,ERRFI1,CXCL1,KHK,ADCY9,AGR2,B4GALT1,AHR,ADM,CASP1,B2M,ADGRA2,ACTR3,DTX1,AKT1S1,BMPR1A
BNIP3L,FGFR1,ADM,ALDOB,TPX2,GMNN,AURKB,C1QBP,DUSP2,AURKB,ALS2,HAVCR1,MIOX,BHMT,SLC5A12,JUNB,EPB41L4A-AS1,SPRR1B,CKB,AK3,AKT3,AP2S1,C1S,FLNA,ANXA1,TXNIP,BASP1,IER3,CXCL8,MIOX,ADD3,ALDH3A2,B4GALT5,ALCAM,ADORA2B,CASP8,BANK1,ADGRL4,ADD3,DTX2,AP2M1,BMPR2
C4orf3,FSTL1,HILPDA,ALDOC,CKS2,HIST1H4C,BARD1,CAD,EXOSC5,BARD1,ANLN,CD24,SLC22A6,CYP17A1,SLC16A9,FOSB,SNHG12,LY6D,EPB41L4A-AS1,ALYREF,AMPH,APOM,FN1,PLAU,TM4SF1,C12ORF75,BDNF,TNFRSF12A,SAA1,SMIM24,AFF1,ALDH3B1,BCL2A1,AMACR,ADRM1,CCRL2,BATF2,AKAP12,ADIPOR2,DTX4,ARF1,CDH1
C8orf58,ITGAV,PGK1,AMPD3,BIRC5,CLSPN,BIRC5,CANX,FARSA,BCL3,APC,PROM1,NKAIN4,SLC22A2,GPX3,IER2,GARS,S100P,IGFBP5,APRT,ANXA2,AQP3,MGP,PMEPA1,S100A10,COL17A1,BGN,PHLDA2,CLU,AQP1,AKAP1,AMFR,BCL3,ANXA4,AHR,CD47,BPGM,AKT2,AK4,FBXW11,ARHGDIA,CDK9
CTDSP1,JAG1,BNIP3L,ANGPTL4,PRC1,ATAD2,BRCA1,CBX3,GNL3,BIRC5,ARAP3,TPM1,NAT8,MCCD1,SLC6A13,GADD45B,GADD45A,KRT6B,LGALS1,ARL6IP1,ANXA4,ARRB2,TIMP1,CAV1,LGALS3,DCN,BMP1,TM4SF1,MDK,C11ORF54,ALDH3B1,ANXA9,BCL6,APLP1,APLNR,CD74,BST2,ALDH1A2,ALDOA,FZD1,ARPC3,CDKN1C
DDIT4,JAG2,FAM162A,ANKZF1,PTTG1,TK1,BRCA2,CCNA2,GRWD1,BRCA2,ARF6,ANXA4,SLC47A2,SLC36A2,SLC3A1,BTG2,MTHFD2,PI3,LOX,BCAM,APBB2,ASNS,TIMP3,KRT17,S100A16,HOPX,CADM1,TRIB1,TSPAN8,CUBN,AMFR,AREG,BHLHE40,ARL4A,AQP9,CMPK2,BTG1,ALDH1A3,ARPC5L,FZD5,ATF1,CTNNB1
DENND1A,KCNJ8,PLOD2,ANXA2,KPNA2,KIAA0101,BRMS1L,CCT2,HK2,BUB1,ARFGEF1,ANPEP,CLTRN,AGXT2,HNF4G,ZFP36,XBP1,WFDC2,MT1M,BCAP31,ARHGEF9,ATF3,BGN,PRSS23,TAGLN2,MOXD1,CALD1,DUSP5,BPIFB1,GSTA1,ANXA9,ARL3,BIRC2,BATF,ATP2A2,CMTR1,C1R,AMMECR1,ASNS,FZD7,CAB39,ENG
EGLN1,LPL,EGLN3,ATF3,MKI67,DUT,BUB1B,CCT3,HSPD1,BUB3,ARFIP2,KRT18,NOX4,DIO1,SLC13A1,DNAJB1,CEBPG,CEACAM6,MT2A,BOLA2,ATP2B1,ATP6V1C1,C1R,LGALS1,LMNA,SDCBP,CALU,FOSL1,CFB,GLYAT,AQP3,ASCL1,BIRC3,BATF3,ATP2B1,CNP,C1S,ANGPTL4,ATP2A2,HES1,CAB39L,FKBP1A
ENO1,LRPAP1,LDHA,ATP7A,CDC20,HELLS,CBX5,CCT4,HSPE1,CASP8AP2,ARHGAP10,ITGB3,SLC13A1,DPYS,SLC5A10,NR4A1,TAF1D,PDZK1IP1,MT3,BRF2,ATP2B4,ATP6V1F,VIM,VIM,CRIP1,SEPP1,CAP2,HBEGF,KLK11,ACSM2A,AR,ASS1,BMP2,BCL2,ATP2C1,CSF1,CASP1,ANKH,ATP5MC1,HEYL,CALR,FNTA
ESYT2,LUM,MT1X,B3GALT6,CDK1,MCM7,CCNB2,CCT5,IMP4,CBX1,ARHGAP27,KLF6,BBOX1,PRODH2,HNF4A,SERTAD1,NUPR1,S100A7,NOL3,CANT1,ATP2C1,BAK1,COL6A2,S100A2,EZR,THBS2,CAPG,ICAM1,PDZK1IP1,AOC1,AREG,ATP2B4,BTG1,BCL2L1,AXL,CXCL10,CASP3,ANO1,ATP6V1D,JAG1,CAMK4,FURIN
FUT11,MSX1,NRN1,B4GALNT2,CCNB2,UBE2T,CCNE1,CCT7,IPO4,CCNA2,ARHGAP29,SOX4,CLEC18A,GLYATL1,MIOX,DDIT3,SARS,TSPAN1,STC1,CCNO,ATRN,BCL2L11,COL4A2,COL17A1,KRT18,TIMP1,CCN1,AREG,SAA2,APOM,ARL3,BAG1,BTG2,BHLHE40,BDKRB1,CXCL11,CASP4,ANXA10,AURKA,KAT2A,CDK1,HDAC1
GBE1,NRP1,DDIT4,BCAN,CDKN3,MCM4,CCP110,CDC20,LAS1L,CCNB2,ARHGAP4,,PDZK1IP1,NAT8B,SLC27A2,KLF6,SNHG8,KRT13,TUBA1A,CDA,ATRX,BID,COL6A1,FSTL3,S100A11,ASS1,CCN2,BIRC3,SLPI,GAL3ST1,ASB13,BATF,BTG3,BMP2,BEST1,DDX60,CASP7,APOD,BCAT1,LFNG,CDK2,HIPK2
GPI,OLR1,DDIT3,BCL2,SMC4,CENPU,CDC20,CDC45,MAP3K6,CCND1,ARHGAP5,,AGMAT,ACMSD,CDH1,NFKBIA,ZFAS1,TACSTD2,C10ORF10,CETN2,ATXN1,BMP2,MMP2,CST6,S100A4,GLUL,CD44,CXCL1,TSPAN1,GSTA2,B4GALT1,BCL2,CCL2,BMPR2,BST2,DHX58,CASP8,ARG1,BHLHE40,MAML2,CDK4,ID1
HERC3,PDGFA,ERO1A,BGN,NUF2,DHFR,CDC25A,CDK2,MCM4,CCNF,ARHGDIA,,CLEC18C,SLC28A1,PDZK1IP1,HSPA1A,DDIT4,PSCA,C1S,CLP1,BCKDHB,BSG,DCN,IL32,EMP3,NFIB,CD59,EMP1,CXCL2,SLC6A13,BAG1,BLVRB,CCL20,CA2,BTG2,EIF2AK2,CCL2,ATG10,BTG2,NOTCH1,CDKN1A,ID2
HK2,PF4,ANGPTL4,BHLHE40,ARL6IP1,ZWINT,CDC25B,CDK4,MCM5,CCNT1,ARHGEF11,,LYG1,SLC5A2,CLDN12,HSPA1B,PHGDH,IL1RN,CP,CMPK2,BDNF,BTG1,COL4A1,PDLIM7,HSPB1,NTRK2,CDH11,ITPKC,ELF3,AZGP1,BCL11B,BTG3,CCL4,CAPG,C3AR1,ELF1,CCL5,AVL9,BUB1,NOTCH2,CDKN1B,ID3
KCTD11,PGLYRP1,IGFBP3,BNIP3L,CKAP2,ASF1B,CDCA3,CLNS1A,MPHOSPH10,CDC20,ARHGEF12,,SLC17A3,NR1I3,,CYR61,SHMT2,LYPD3,DDIT4,COX17,BHLHE40,BTG2,FSTL1,SERPINE1,KRT8,SERPINH1,CDH2,MIDN,LTF,GLYATL1,BCL2,CA12,CCL5,CAPN3,C5AR1,EPSTI1,CCL7,BIRC3,CACYBP,NOTCH3,CFL1,IFNGR2
KDM3A,POSTN,PFKP,BRS3,ASPM,MCM5,CDCA8,CNBP,MRTO4,CDC25A,ARHGEF2,,SLC6A13,GBA3,,MAFF,TXNIP,SAA1,EMP3,CSTF3,BMPR1A,BTG3,NNMT,ANXA3,TUBA1A,SOX4,CDH6,PIM3,PIGR,LRP2,BHLHE40,CA2,CCN1,CASP3,CALCRL,GBP2,CD274,BMP2,CALR,PPARD,CLTC,JUNB
KDM4B,PRG2,INSIG2,BTG1,PLK1,DNAJC9,CDK1,COPS5,MYBBP1A,CDC25B,ARHGEF3,,SMIM32,HAO2,,NFKBIZ,ATF4,SERPINB3,GLUL,DAD1,CACNA1A,C4BPB,TPM1,IGFBP7,VIM,ANTXR1,COL11A1,ARID5B,SCGB3A1,PCSK1N,BLVRB,CACNA2D2,CCND1,CCND2,CCL17,GBP4,CD38,BPGM,CANX,PRKCA,CSNK2B,KLF10
KDM4C,PTK2,NDUFA4L2,CA12,CKS1B,RFC4,CDK4,COX5A,MYC,CDC27,ARHGEF7,,CTXN3,UPP2,,IER3,HSPA5,AQP3,MT1F,DCTN4,CAP2,CA2,TSC22D3,DCBLD2,IL32,C1R,COL12A1,CCL2,TFF3,PEPD,CA12,CALCR,CCNL1,CCND3,CCL2,GMPR,CD40,BTBD3,CCNF,PSEN2,CXCR4,LEFTY2
LDHA,S100A4,PDK1,CASP6,CCNA2,HMGB2,CDKN1A,CSTF2,NDUFAF4,CDC45,ARL8A,,FIGNL2,ERICH4,,CCNL1,GDF15,CLDN4,NPTX2,DDB1,CAV1,CASP3,CCDC80,F3,KLF6,C1S,COL16A1,CDKN1A,TGM2,SLC17A3,CALB2,CAV1,CCRL2,CCNE1,CCL20,HELZ2,CD69,BTC,CCNG1,PSENEN,DAPP1,LTBP2
LONP1,SERPINA5,CA9,CAV1,AURKA,CDC6,CDKN1B,CTPS1,NIP7,CDC6,ATG4B,,MT1F,GLYAT,,MCL1,CARS,CXCL17,PLP2,DDB2,CCN1,CCK,CTGF,MT2A,ANXA3,C6ORF48,COL1A1,CSRNP1,AKR1C1,SLC5A12,CALCR,CCN5,CD44,CCR4,CCL22,HERC6,CD74,C3AR1,CCT6A,RBX1,DDIT3,MAP3K7
MIR210HG,SLCO2A1,AKAP12,CAVIN1,MAD2L1,RRM1,CDKN2A,CUL1,NOC4L,CDC7,AURKA,,MT1G,ANGPTL3,,RHOB,MAP1LC3B,KRT17,SMIM3,DGCR8,CDC42BPA,CCND3,CXCL12,TNC,SH3BGRL3,CAV1,COL1A2,CXCL2,CD24,CDHR5,CANT1,CCNA1,CD69,CD44,CCL24,HLA-C,CD86,CA2,CD9,SAP30,DUSP3,NCOR2
MXI1,SPP1,C4ORF3,CAVIN3,GTSE1,ORC6,CDKN2C,CYC1,NOLC1,CDK1,BCAR1,,MT1H,GATM,,SOCS3,SQSTM1,CRABP2,SNHG7,DGUOK,CDK13,CCNE1,ID3,ITGB6,TMSB4X,FTH1,COL3A1,MYC,CLDN4,MSRA,CBFA2T3,CCND1,CD80,CD48,CCL5,IFI27,CDKN1A,CAB39L,CDC25A,SKP1,E2F1,NOG
NCKIPSD,STC1,IGFBP5,CCN1,HMMR,CDK1,CDKN3,DDX18,NOP16,CDK4,BCL2L11,,PTER,PIPOX,,IRF1,YARS,ELF3,SOX4,DUT,CDKN1B,CDC34,LUM,KRT7,C19ORF33,IGFBP5,COL4A1,ARL14,CTSC,PDZK1,CCN5,CD44,CD83,CD79B,CCL7,IFI30,CFB,CBL,CDKN1A,ST3GAL6,ECSIT,PMEPA1
NDRG1,THBD,GBE1,CCN2,UBE2T,RAD51AP1,CENPE,DDX21,NOP2,CDKN1B,BCR,,RAB11FIP3,PAH,,CDKN1A,DNAJB9,KRT6A,BGN,EDF1,CDON,CDC5L,MYL9,PLAUR,CKB,NCOA7,COL4A2,ARL5B,GSTA1,PXMP2,CCND1,CD9,CDKN1A,CD81,CCR7,IFI35,CFH,CBR4,CFP,TCF7L2,EGFR,PPM1A
NPEPPS,TIMP1,LGALS3,CCN5,CENPE,RNASEH2A,CENPM,DEK,NOP56,CDKN2C,BIN1,,RBP5,SLC5A10,,HES1,PSAT1,MAL2,EDN1,EIF1B,CELF2,CDK2,PRSS23,PRKCDBP,CLIC1,NINJ1,COL5A1,GEM,KRT19,SLC16A9,CD44,CDC20,CEBPB,CD83,CCRL2,IFI44,CIITA,CBX8,COPS5,WNT2,EIF4E,PPP1CA
P4HA1,TNFRSF21,TMEM45A,CCNG2,CENPA,CHAF1A,CHEK1,DHX15,NPM1,CDKN3,BIRC5,,TRIM6,AQP7B,,ID2,GADD45B,SPRR3,ID1,ELL,CITED2,CDKN1C,TGFBI,SERPINE2,EMP1,PNRC1,COL5A2,MYADM,MMP7,SLC22A18,CELSR1,CDC6,CEBPD,CD86,CD14,IFI44L,CMKLR1,CCL20,CORO1A,WNT5A,FASLG,PPP1R15A
PDLIM2,VAV2,WSB1,CDKN1A,KIF20B,CENPK,CHEK2,DUT,PA2G4,CENPA,BRCA2,,,EHHADH,,KLF4,ATF3,IGFBP3,ID4,ELOA,COL11A1,CDKN2B,TPM2,ITGB1,IFI27,SERPINE2,COL5A3,PIM1,MSMB,AGT,CELSR2,CDH1,CFLAR,CDC42SE2,CD40,IFIH1,CMPK2,CCND2,CTH,,FGF17,RAB31
PFKFB4,VCAN,GPI,CDKN1B,AURKB,CDCA5,CIT,EEF1B2,PES1,CENPE,BUB1,,,AFP,,KLF10,SNHG15,PRSS22,IER2,ERCC1,COL1A1,CDO1,CAV1,RBP1,ISG15,SERPINF1,COL6A2,PLAUR,NCOA7,CES2,CHPT1,CELSR2,CLCF1,CDC6,CD48,IFIT2,CMTR1,CCSER2,CTSC,,FGF22,RHOA
PGAM1,VEGFA,S100A10,CDKN1C,CDCA3,SLBP,CKS1B,EIF1AX,PHB,CENPF,CAPZB,,,BHMT2,,CXCL2,RSRC2,SPRR2D,MT1A,ERCC2,COL1A2,CEBPG,CYR61,ITGA3,MDK,SLC47A2,COL6A3,TNFAIP3,S100A9,CLDN10,CISH,CHPT1,CSF1,CDCP1,CD55,IFIT3,CSF2RB,CD37,CXCR4,,FGF6,SERPINE1
PGK1,VTN,SLC16A3,CHST2,CDCA8,MCM6,CKS2,EIF2S1,PLK1,CHAF1A,CCDC88A,,,SLC22A24,,ID1,CEBPB,DSC2,PMP22,ERCC3,COL3A1,CHKA,IGFBP5,CDKN1A,MMP7,SNAI2,COL7A1,ANXA1,SCGB1A1,DDC,CLDN7,CHST8,CSF2,CDKN1C,CD69,IFITM1,CXCL10,CDADC1,CYB5B,,GNA14,SKI
PKM,,EPB41L4A-AS1,CHST3,UBE2S,TMEM106C,CNOT9,EIF2S2,PLK4,CHEK1,CCNB2,,,ENPP7,,TOB1,ARF4,GPRC5A,RSL24D1,ERCC4,COL5A2,CHRNA5,LGALS1,THBS1,PHLDA2,SOCS3,COL8A2,CCL20,SPINK1,TMEM27,CLIC3,CISH,CXCL1,CISH,CD70,IFITM2,CXCL11,CFB,CYP51A1,,GNGT1,SKIL
PLOD2,,ALDOA,CITED2,KNSTRN,CENPM,CSE1L,EIF3B,PPAN,CHMP1A,CD2AP,,,SLC22A7,,TRIB1,EIF1B,KRT7,TSC22D3,ERCC5,DAB2,CLCN2,SPARCL1,FN1,PLP2,SPARC,COLGALT1,CYR61,IGFBP3,TNFAIP6,CXCL12,CKB,CXCL10,CKAP4,CD82,IFITM3,CXCL9,CFH,DAPP1,,GRB2,SLC20A1
PNRC1,,ANKRD37,COL5A1,KIF2C,MYBL2,CTCF,EIF3D,PPRC1,CKS1B,CDC27,,,TTC36,,HSPH1,OSER1,SPRR2A,VCAM1,ERCC8,DBP,CLTB,A2M,MMP7,CLDN4,TSC22D1,COMP,DDX21,VMO1,AGXT2,CYP26B1,CLIC3,CXCL11,COCH,CDKN1A,IL15,DDX58,CFHR2,DDIT3,,GRK2,SMAD1
RBPJ,,CAV1,CP,PBK,E2F1,CTPS1,EIF3J,PRMT3,CKS2,CDC42,,,C11orf54,,RASD1,BTG1,ANXA1,VCAN,FEN1,DDAH1,CNP,ACTA2,TGM2,MYADM,ASPN,COPA,EDN1,MUC5B,CFI,DEPTOR,COX6C,CXCL2,COL6A1,CHST2,IL4R,DDX60,CIDEA,DDIT4,,GSK3B,SMAD3
SAP30,,AK4,CSRP2,TUBA1B,USP1,DCK,EIF4A1,PUS1,CTCF,CDC42BPA,,,DAO,,SAT1,SNHG7,MALL,FSTL3,GMPR2,DLC1,COL2A1,CALD1,C15ORF48,RHOC,LTF,CRLF1,FOSL2,SERPINF1,FOLR1,DHCR7,CPE,CXCL3,CSF1,CLEC5A,IL7,DHX58,CLEC4A,DDX39A,,HRAS,SMAD6
SCD,,DNAJB9,CXCR4,DLGAP5,DNMT1,DCLRE1B,EIF4E,RABEPK,CUL1,CDC42EP1,,,HGD,,DDIT4,WARS,CEACAM5,TMEM45A,GPX4,DLG1,CREG1,COL6A3,ITGA6,S100A14,SFRP1,CTHRC1,LIF,TNFSF10,GAMT,DHRS2,CXCL12,CXCL6,CSF2,CMKLR1,IRF1,EIF2AK2,CMKLR1,DHCR24,,HSP90B1,SMAD7
SEMA4B,,ERRFI1,DCN,TACC3,PKMYT1,DCTPP1,EIF4G2,RCL1,CUL3,CDC42EP2,,,RIDA,,EGR2,ZFAND2A,MUC4,ZBTB16,GSDME,DMAC2L,CTSV,CTSK,PTHLH,CD24,TP53AIP1,CXCL1,LUCAT1,FMO2,HRSP12,DHRS3,CXCL14,DDX58,CST7,CSF1,IRF2,EIF4E3,CPE,DHCR7,,IL2RG,SMURF1
SLC16A3,,MT2A,DDIT3,STMN1,MAD2L1,DDX39A,EIF4H,RRP12,CUL4A,CDC42EP4,,,SLC23A3,,HERPUD1,C6ORF48,SERPINB1,TMEM91,GTF2A2,DUSP1,CXCL2,FBLN1,TPM1,CRIP2,CD74,CXCL12,MLF1,FAM3D,RBP5,DLC1,CYP26B1,DENND5A,CTLA4,CSF3,IRF7,EPSTI1,CROT,DHFR,,IL4,SMURF2
SLC2A1,,SLC3A2,DDIT4,DEPDC1,PSMC3IP,DEK,EPRS1,RRP9,CUL5,CDK1,,,TINAG,,PLK2,STC2,AGR2,FKBP5,GTF2B,DYRK1A,CYB5B,IGFBP4,CDA,MYL12A,EGR1,CXCL6,NAMPT,PRSS23,TSPAN1,DYNLT3,CYP4F11,DNAJB4,CTSZ,CSF3R,IRF9,FAS,CSF2,EBP,,IRAK4,SPTBN1
STC2,,VIM,DPYSL4,ECT2,CDCA4,DEPDC1,ERH,SLC19A1,DBF4,CDK5RAP2,,,UPB1,,DNAJA1,ZNF622,CLIC3,S100A6,GTF2F1,EFEMP1,CYB5R1,POSTN,IGFBP6,RAB11FIP1,BCAM,CXCL8,NCOA7,RDH10,GPX3,EGR3,DCXR,DRAM1,CXCL10,CX3CL1,ISG15,FCGR1A,CSF2RA,EDEM1,,ITPR2,TGFB1
TNIP1,,ENO1,DTNA,CENPW,RFC2,DIAPH3,ETF1,SLC29A2,DDX39A,CENPE,,,CLEC18B,,HSPA6,HSPA9,SERPINB4,C1R,GTF2H1,ERBB2,CYP1A1,RARRES2,PDPN,S100P,SESN3,DAB2,PFKFB3,CD82,CXCL14,ELF1,DHCR7,DUSP1,CYFIP1,CXCL10,ISG20,FGL2,CTSS,EEF1E1,,LCK,TGFBR1
ZNF395,,PFKFB3,DUSP1,ZWINT,CDC45,DLGAP5,EXOSC7,SORD,DKC1,CENPF,,,DCXR,,PMAIP1,PDRG1,FABP5,MMP7,GTF2H3,F3,DDX21,SERPING1,RHOD,STMN1,IFITM1,DCN,ZBTB43,RARRES1,PRAP1,ELF3,DHRS2,DUSP2,DCPS,CXCL11,LAMP3,FPR1,CXCL10,EGLN3,,MAP2K3,TGIF1
,,HK2,EDN2,HIST1H4C,UHRF1,DNMT1,FAM120A,SRM,DMD,CENPJ,,,HAAO,,CITED2,UPP1,SULT2B1,KLF4,GTF2H5,FBLN5,DGAT1,SNAI2,INHBA,FXYD3,HTRA1,DKK1,ZC3H12A,KYNU,LACTB2,ELOVL2,DLG5,DUSP4,DENND5A,CXCL6,LAP3,GBP4,CXCR4,EIF2S2,,MAP2K6,THBS1
,,CA12,EFNA1,KIF23,MCM2,DONSON,FBL,SUPV3L1,DR1,CEP131,,,PCSK1N,,ID3,CCDC174,CLDN7,ANXA1,GTF3C5,FHL2,DLG4,TCF4,ITGAV,FLNA,IFIT3,DPYSL3,FHL2,NDRG2,GCHFR,ELOVL5,DNAJC1,DUSP5,DHRS3,CXCL8,LGALS3BP,GBP6,DCBLD2,ELOVL5,,MAP3K7,TJP1
,,,EFNA3,,,DSCC1,G3BP1,TBRG4,DTYMK,CEP192,,,SLC26A9,,,,,,GUK1,FYN,DNAJA1,,,,,DST,,,,ENDOD1,DNAJC12,EDN1,DRC1,CXCL9,LPAR6,GCH1,DNMBP,ELOVL6,,MAPK1,TRIM33
,,,EGFR,,,DUT,GLO1,TCOF1,E2F1,CEP250,,,SMIM24,,,,,,HCLS1,FZD2,DNAJB1,,,,,ECM1,,,,ESRP2,DUSP2,EFNA1,ECM1,CXCR6,LY6E,GPR18,DOCK2,ENO1,,MAPK10,UBE2D3
,,,ENO1,,,E2F8,GNL3,TFB2M,E2F2,CEP57,,,FTCD,,,,,,HPRT1,GCNT1,E2F5,,,,,ECM2,,,,FAM102A,DYNLT3,EGR1,EEF1AKMT1,CYBB,MOV10,GZMA,DUSP6,EPRS1,,MAPK8,WWTR1
,,,ENO2,,,EED,GOT2,TMEM97,E2F3,CEP72,,,GGACT,,,,,,IMPDH2,GJA1,EIF2S3,,,,,EDIL3,,,,FARP1,EGR3,EGR2,EMP1,DCBLD2,MVB12A,HELZ2,EMP1,ERO1A,,MAPK9,XIAP
,,,ENO3,,,EIF2S1,GSPT1,UNG,E2F4,CKAP5,,,GLTPD2,,,,,,ITPA,GRK5,EIF5,,,,,EFEMP2,,,,FASN,ELOVL5,EGR3,ENO3,EBI3,MX1,HERC6,ENG,ETF1,,MAPKAP1,
,,,ERO1A,,,ESPL1,H2AZ1,UTP20,EFNA5,CLASP1,,,ALDH6A1,,,,,,LIG1,HAS2,ENO2,,,,,ELN,,,,FCMR,EMP2,EHD1,ENPP1,EDN1,NCOA7,HIF1A,EPB41L3,FADS1,,MKNK1,
,,,ERRFI1,,,EXOSC8,HDAC2,WDR43,EGF,CLIP1,,,CUBN,,,,,,MPC2,ICA1,EPCAM,,,,,EMP3,,,,FDFT1,ETFB,EIF1,EOMES,EIF2AK2,NMI,HLA-A,EPHB2,FADS2,,MKNK2,
,,,ETS1,,,EZH2,HDDC2,WDR74,ESPL1,CLIP2,,,CYP24A1,,,,,,MPG,ID1,EPHX1,,,,,ENO2,,,,FHL2,FABP5,ETS2,ETFBKMT,EMP3,NUB1,HLA-B,EREG,FDXR,,MYD88,
,,,EXT1,,,GINS1,HDGF,,EWSR1,CNTRL,,,DHDH,,,,,,MRPL40,IGF1R,FEN1,,,,,FAP,,,,FKBP4,FAM102A,F2RL1,ETV4,EREG,OAS1,HLA-DMA,ERO1A,FGL2,,NCK1,
,,,F3,,,GINS3,HNRNPA1,,EXO1,CNTROB,,,GSTA2,,,,,,NCBP2,IGFBP5,FGF18,,,,,FAS,,,,FKBP5,FARP1,F3,F2RL2,F3,OASL,HLA-DQA1,ETS1,FKBP2,,NFKBIB,
,,,FAM162A,,,GINS4,HNRNPA2B1,,EZH2,CSNK1D,,,HPD,,,,,,NELFB,INPP4B,FKBP4,,,,,FBLN1,,,,FLNB,FDFT1,FJX1,FAH,FFAR2,OGFR,HLA-DRB1,ETV1,G6PD,,NGF,
,,,FBP1,,,GSPT1,HNRNPA3,,FANCC,CTTN,,,PDZK1,,,,,,NELFCD,INSIG1,FMO1,,,,,FBLN2,,,,FOS,FGFR3,FOS,FAM126B,FPR1,PARP12,HLA-G,ETV4,GAPDH,,NOD1,
,,,FOS,,,H2AX,HNRNPC,,FBXO5,CYTH2,,,ACY3,,,,,,NELFE,IRS1,FOS,,,,,FBLN5,,,,FOXC1,FKBP4,FOSB,FGL2,FZD5,PARP14,ICAM1,ETV5,GBE1,,PAK4,
,,,FOSL2,,,H2AZ1,HNRNPD,,FOXN3,DLG1,,,APOM,,,,,,NFX1,ITGB3,FOSB,,,,,FBN1,,,,FRK,FKBP5,FOSL1,FLT3LG,GABBR1,PARP9,IDO1,EVI5,GCLC,,PDK1,
,,,FOXO3,,,HELLS,HNRNPR,,G3BP1,DLGAP5,,,CYS1,,,,,,NME1,KALRN,FURIN,,,,,FBN2,,,,GAB2,FLNB,FOSL2,FURIN,GCH1,PLSCR1,IFI27,F13A1,GGA2,,PFN1,
,,,GAA,,,HMGA1,HNRNPU,,GINS2,DOCK2,,,FCAMR,,,,,,NME3,KCNMA1,GAL,,,,,FERMT2,,,,GFRA1,FOS,FUT4,GABARAPL1,GNA15,PNPT1,IFI30,F2RL1,GLA,,PIK3R3,
,,,GALK1,,,HMGB2,HPRT1,,GSPT1,DOCK4,,,KL,,,,,,NME4,KIT,GCH1,,,,,FGF2,,,,GJA1,FOXC1,G0S2,GADD45B,GNAI3,PROCR,IFI35,FBXO4,GLRX,,PIKFYVE,
,,,GAPDH,,,HMGB3,HSP90AB1,,H2AX,DST,,,MT1HL1,,,,,,NPR2,LAMC1,GGH,,,,,FLNA,,,,GLA,FRK,GADD45A,GALM,GP1BA,PSMA3,IFI44,FCER1G,GMPS,,PIN1,
,,,GAPDHS,,,HMMR,HSPD1,,H2AZ1,DYNC1H1,,,SLC34A3,,,,,,NT5C,LDLR,GLS,,,,,FMOD,,,,GREB1,GAL,GADD45B,GATA1,GPC3,PSMB8,IFI44L,FGF9,GOT1,,PITX2,
,,,GBE1,,,HNRNPD,HSPE1,,H2AZ2,DYNLL2,,,ACADM,,,,,,NT5C3A,LPAR1,GPX3,,,,,FN1,,,,HES1,GALE,GCH1,GBP4,GPR132,PSMB9,IFIH1,FLT4,GPI,,PLA2G12A,
,,,GCK,,,HUS1,IARS1,,H2BC12,ECT2,,,AK4,,,,,,NUDT21,LTBP1,GRINA,,,,,FOXC2,,,,HR,GFUS,GEM,GLIPR2,GPR183,PSME1,IFIT1,FUCA1,GSK3B,,PLCB1,
,,,GCNT2,,,ILF3,IFRD1,,HIF1A,EPB41,,,APELA,,,,,,NUDT9,MAGI2,GRPEL1,,,,,FSTL1,,,,HSPB8,GINS2,GFPT2,GPR65,HAS2,PSME2,IFIT2,G0S2,GSR,,PLCG1,
,,,GLRX,,,ING3,ILF2,,HIRA,EPB41L2,,,AQP1,,,,,,PCNA,MAP1B,H2AX,,,,,FSTL3,,,,IGF1R,GJB3,GPR183,GPR83,HBEGF,RIPK2,IFIT3,GABRA3,GTF2H1,,PPP1CA,
,,,GPC1,,,IPO7,IMPDH2,,HMGA1,ESPL1,,,ASPDH,,,,,,PDE4B,MAP2K5,HLA-F,,,,,FUCA1,,,,IGFBP4,GLA,HBEGF,GPX4,HIF1A,RNF31,IFITM2,GADD45G,HK2,,PPP2R1B,
,,,GPC3,,,JPT1,KARS1,,HMGB3,EZR,,,ASRGL1,,,,,,PDE6G,MAPK14,HMOX1,,,,,FZD8,,,,IL17RB,GPER1,HES1,GSTO1,HPN,RSAD2,IFITM3,GALNT3,HMBS,,PRKAA2,
,,,GPC4,,,KIF18B,KPNA2,,HMGN2,FARP1,,,CAPN3,,,,,,PNP,MET,HNRNPU,,,,,GADD45A,,,,IL6ST,HMGCS2,ICAM1,GUCY1B1,HRH1,RTP4,IFNAR2,GFPT2,HMGCR,,PRKAG1,
,,,GPI,,,KIF22,KPNB1,,HMMR,FBXO5,,,CRYBB3,,,,,,POLA1,MGLL,HSPA13,,,,,GADD45B,,,,INHBB,HOMER2,ICOSLG,HIPK2,ICAM1,SAMD9,IL10RA,GLRX,HMGCS1,,PRKAR2A,
,,,GRHPR,,,KIF2C,LDHA,,HNRNPD,FGD4,,,DAB2,,,,,,POLA2,MGMT,HSPA2,,,,,GAS1,,,,INPP5F,HPRT1,ID2,HK2,ICAM4,SAMD9L,IL15,GNG11,HPRT1,,PRKCB,
,,,GYS1,,,KIF4A,LSM2,,HNRNPU,FGD6,,,DDC,,,,,,POLB,MIOS,HTR7,,,,,GEM,,,,ISG20L2,HR,IER2,HOPX,ICOSLG,SELL,IL15RA,GPNMB,HSP90B1,,PTEN,
,,,HAS1,,,KPNA2,LSM7,,HOXC10,FLNA,,,DNMT3L,,,,,,POLD1,MMP16,HYAL2,,,,,GJA1,,,,ITPK1,HSPA4L,IER3,HUWE1,IFITM1,SLC25A28,IL18BP,GPRC5B,HSPA4,,PTPN11,
,,,HDLBP,,,LBR,MAD2L1,,HSPA8,FLNB,,,FAH,,,,,,POLD3,MRPS31,ICAM1,,,,,GLIPR1,,,,JAK2,HSPB8,IER5,ICOS,IFNAR1,SP110,IL2RB,GUCY1A1,HSPA5,,RAC1,
,,,HEXA,,,LIG1,MCM2,,HUS1,FSCN1,,,GAMT,,,,,,POLD4,MT1E,IGFBP2,,,,,GPC1,,,,KAZN,ID2,IFIH1,IFITM3,IFNGR2,STAT2,IL4R,GYPC,HSPA9,,RAF1,
,,,HK1,,,LMNB1,MCM4,,ILF3,GEMIN4,,,GMNC,,,,,,POLE4,MTA1,IL6,,,,,GPX7,,,,KCNK15,IDH2,IFIT2,IFNGR1,IL10,TAP1,IL6,H2BC3,HSPD1,,RALB,
,,,HK2,,,LUC7L3,MCM5,,INCENP,GSN,,,GPD1,,,,,,POLH,MYC,IL6ST,,,,,GREM1,,,,KCNK5,IGFBP4,IFNGR2,IGF1R,IL10RA,TDRD7,IL7,HBEGF,HSPE1,,RIPK1,
,,,HMOX1,,,LYAR,MCM6,,JPT1,HDAC6,,,GPX3,,,,,,POLL,NEK7,IRF1,,,,,HTRA1,,,,KDM4B,IGSF1,IL12B,IGF2R,IL12B,TENT5A,IRF1,HDAC9,IDH1,,RIT1,
,,,HOXB9,,,MAD2L1,MCM7,,KATNA1,HOOK3,,,GRHPR,,,,,,POLR1C,NFIB,JUNB,,,,,ID2,,,,KLF10,IL17RB,IL15RA,IKZF2,IL15,TMEM140,IRF2,HKDC1,IDI1,,RPS6KA1,
,,,HS3ST1,,,MCM2,MRPL23,,KIF11,INCENP,,,GSTA1,,,,,,POLR1D,NFKB1,KCNH2,,,,,IGFBP2,,,,KLF4,IL6ST,IL18,IKZF4,IL15RA,TRAFD1,IRF4,HOXD11,IFI30,,RPS6KA3,
,,,HSPA5,,,MCM3,MRPL9,,KIF15,ITSN1,,,HPN,,,,,,POLR1H,NIPBL,KLHDC3,,,,,IGFBP3,,,,KLK10,IMPA2,IL1A,IL10,IL18,TRIM14,IRF5,HSD11B1,IFRD1,,RPTOR,
,,,IDS,,,MCM4,MRPS18B,,KIF20B,KATNA1,,,HSD17B14,,,,,,POLR2A,NOTCH2,LHX2,,,,,IGFBP4,,,,KRT13,ISG20,IL1B,IL10RA,IL18R1,TRIM21,IRF7,ID2,IGFBP5,,SFN,
,,,IER3,,,MCM5,MYC,,KIF22,KATNB1,,,KCNJ15,,,,,,POLR2C,NR1D2,LYN,,,,,IL15,,,,KRT15,ITPK1,IL23A,IL13,IL18RAP,TRIM25,IRF8,IGF2,IMMT,,SLA,
,,,IGFBP1,,,MCM6,NAP1L1,,KIF23,KIF11,,,KIF22,,,,,,POLR2D,NR3C1,MAOA,,,,,IL32,,,,KRT18,JAK1,IL6,IL18R1,IL1A,TRIM26,IRF9,IGFBP3,INSIG1,,SLC2A1,
,,,IGFBP3,,,MCM7,NCBP1,,KIF2C,KIF15,,,LRRC43,,,,,,POLR2E,NRP1,MAPK8IP2,,,,,IL6,,,,KRT19,JAK2,IL6ST,IL1R2,IL1B,TRIM5,ISG15,IKZF1,ITGB2,,SMAD2,
,,,IL6,,,MELK,NCBP2,,KIF4A,KIF1B,,,MDH1,,,,,,POLR2F,PDGFRB,MARK2,,,,,INHBA,,,,KRT8,KCNK5,IL7R,IL1RL1,IL1R1,TXNIP,ISG20,IL10RA,LDHA,,SQSTM1,
,,,ILVBL,,,MKI67,NDUFAB1,,KIF5B,KIF20B,,,PCP4,,,,,,POLR2G,PDLIM5,MGAT1,,,,,ITGA2,,,,LAD1,KIF20A,INHBA,IL2RA,IL2RB,UBA7,ISOC1,IL1B,LDLR,,STAT2,
,,,INHA,,,MLH1,NHP2,,KMT5A,KIF22,,,PEPD,,,,,,POLR2H,PEX14,MMP14,,,,,ITGA5,,,,LRIG1,KLF4,IRF1,IL2RB,IL4R,UBE2L6,ITGB7,IL1RL2,LGMN,,TBK1,
,,,IRS2,,,MMS22L,NME1,,KNL1,KIF23,,,PKLR,,,,,,POLR2I,PHF3,MRPL23,,,,,ITGAV,,,,MAPT,KLK10,IRS2,IL3RA,IL6,USP18,JAK2,IL2RG,LTA4H,,THEM4,
,,,ISG20,,,MRE11,NOLC1,,KPNA2,KIF2C,,,RNF186,,,,,,POLR2J,PIAS3,MSX1,,,,,ITGB1,,,,MAST4,KLK11,JAG1,IL4R,IL7R,WARS1,KLRK1,IL33,M6PR,,TIAM1,
,,,JMJD6,,,MSH2,NOP16,,KPNB1,KIF3B,,,SCRN2,,,,,,POLR2K,PIK3CD,NAT1,,,,,ITGB3,,,,MED13L,KRT13,JUN,IRF4,INHBA,,LAP3,IL7R,MAP2K3,,TNFRSF1A,
,,,JUN,,,MTHFD2,NOP56,,LBR,KIF3C,,,SLC5A12,,,,,,POLR3C,PIK3R3,NFKBIA,,,,,ITGB5,,,,MED24,KRT19,JUNB,IRF6,IRAK2,,LATS2,INHBA,MCM2,,TRAF2,
,,,KDELR3,,,MXD3,NPM1,,LIG3,KIF4A,,,SORD,,,,,,POLR3GL,PLCB4,NKX2-5,,,,,JUN,,,,MICB,LAMC2,KDM6B,IRF8,IRF1,,LCP2,IRF8,MCM4,,TRIB3,
,,,KDM3A,,,MYBL2,ODC1,,LMNB1,KIF5B,,,STK19,,,,,,POM121,PLPP3,NPTX2,,,,,LAMA1,,,,MINDY1,LARGE1,KLF10,ITGA6,IRF7,,LGALS3BP,ITGA2,ME1,,TSC2,
,,,KIF5A,,,MYC,ORC2,,MAD2L1,KIFAP3,,,TRPC7,,,,,,PRIM1,PMP22,NPTXR,,,,,LAMA2,,,,MLPH,LLGL2,KLF2,ITGAE,ITGA5,,LY6E,ITGB2,MLLT11,,UBE2D3,
,,,KLF6,,,NAA38,PA2G4,,MAP3K20,KLC1,,,,,,,,,RAD51,PPARG,NR4A1,,,,,LAMA3,,,,MPPED2,LSR,KLF4,ITGAV,ITGB3,,LYSMD2,ITGBL1,MTHFD2,,UBE2N,
,,,KLF7,,,NAP1L1,PABPC1,,MAPK14,KNTC1,,,,,,,,,RAD52,PRDM2,NTRK3,,,,,LAMC1,,,,MREG,LTF,KLF6,ITIH5,ITGB8,,MARCHF1,JUP,MTHFD2L,,VAV3,
,,,KLHL24,,,NASP,PABPC4,,MARCKS,KPTN,,,,,,,,,RAE1,PRKAR2B,NUP58,,,,,LAMC2,,,,MSMB,MAPK13,KLF9,KLF6,KCNA3,,METTL7B,KCNN4,NAMPT,,YWHAB,
,,,LALBA,,,NBN,PCBP1,,MCM2,LATS1,,,,,,,,,RALA,PRKCA,NXF1,,,,,LGALS1,,,,MUC1,MAPT,KYNU,LCLAT1,KCNJ2,,MT2A,KIF5C,NFIL3,,,
,,,LARGE1,,,NCAPD2,PCNA,,MCM3,LLGL1,,,,,,,,,RBX1,PRKCE,OLFM1,,,,,LOX,,,,MYB,MDK,LAMB3,LIF,KCNMB2,,MTHFD2,KLF4,NFKBIB,,,
,,,LDHA,,,NME1,PGK1,,MCM5,LMNB1,,,,,,,,,REV3L,PTEN,ONECUT1,,,,,LOXL1,,,,MYBBP1A,MEST,LDLR,LRIG1,KIF1B,,MVP,LAPTM5,NFYC,,,
,,,LDHC,,,NOLC1,PHB,,MCM6,LRPPRC,,,,,,,,,RFC2,PTGFR,PARP2,,,,,LOXL2,,,,MYBL1,METTL3,LIF,LRRC8C,KLF6,,MX1,LAT2,NIBAN1,,,
,,,LOX,,,NOP56,PHB2,,MEIS1,MAP1S,,,,,,,,,RFC3,PTPN21,PDAP1,,,,,LRP1,,,,MYC,MICB,LITAF,LTB,LAMP3,,MX2,LCP1,NMT1,,,
,,,LXN,,,NUDT21,POLD2,,MEIS2,MAP3K11,,,,,,,,,RFC4,PTPRM,PDLIM3,,,,,LRRC15,,,,MYOF,MOCS2,MAFF,MAFF,LCK,,MYD88,LIF,NUFIP1,,,
,,,MAFF,,,NUP107,POLE3,,MKI67,MAPRE1,,,,,,,,,RFC5,RASA2,PLCL1,,,,,LUM,,,,NADSYN1,MYB,MAP2K3,MAP3K8,LCP2,,NAMPT,LY96,NUP205,,,
,,,MAP3K1,,,NUP153,PPIA,,MNAT1,MARCKS,,,,,,,,,RNMT,RBPMS,POLE3,,,,,MAGEE1,,,,NAV2,MYOF,MAP3K8,MAP6,LDLR,,NCOA3,MAFB,NUPR1,,,
,,,MIF,,,NUP205,PPM1G,,MT2A,MARK4,,,,,,,,,RPA2,RGS4,POLG2,,,,,MATN2,,,,NBL1,NAB2,MARCKS,MAPKAPK2,LIF,,NFKB1,MALL,P4HA1,,,
,,,MT1E,,,ORC2,PRDX3,,MTF2,MID1,,,,,,,,,RPA3,RND3,POLR2H,,,,,MATN3,,,,NCOR2,NBL1,MCL1,MUC1,LPAR1,,NFKBIA,MAP3K1,PDAP1,,,
,,,MT2A,,,ORC6,PRDX4,,MYBL2,MID1IP1,,,,,,,,,RRM2B,RUNX1,PPAT,,,,,MCM7,,,,NPY1R,NCOR2,MSC,MXD1,LTA,,NLRC5,MAP4K1,PDK1,,,
,,,MXI1,,,PA2G4,PRPF31,,MYC,MYH10,,,,,,,,,SAC3D1,RXRA,PPIF,,,,,MEST,,,,NRIP1,NMU,MXD1,MYC,LY6E,,NMI,MAP7,PFKL,,,
,,,MYH9,,,PAICS,PRPS2,,NASP,MYH9,,,,,,,,,SDCBP,SCAF8,PPP1R2,,,,,MFAP5,,,,NXT1,NPY1R,MYC,MYO1C,LYN,,NOD1,MMD,PGK1,,,
,,,NAGK,,,PAN2,PSMA1,,NCL,MYO1E,,,,,,,,,SEC61A1,SCHIP1,PPT1,,,,,MGP,,,,OLFM1,NRIP1,NAMPT,MYO1E,MARCO,,NUP93,MMP10,PGM1,,,
,,,NCAN,,,PCNA,PSMA2,,NDC80,MYO9B,,,,,,,,,SF3A3,SCN8A,PRKACA,,,,,MMP1,,,,OLFML3,NXT1,NFAT5,NCOA3,MEFV,,OAS2,MMP11,PHGDH,,,
,,,NDRG1,,,PDS5B,PSMA4,,NEK2,NCK1,,,,,,,,,SMAD5,SDC2,PRKCD,,,,,MMP14,,,,OPN3,OLFM1,NFE2L2,NCS1,MEP1A,,OAS3,MMP9,PIK3R3,,,
,,,NDST1,,,PHF5A,PSMA6,,NOLC1,NCK2,,,,,,,,,SNAPC4,SERPINE1,PRPF3,,,,,MMP2,,,,OVOL2,OPN3,NFIL3,NDRG1,MET,,OASL,MPZL2,PITPNB,,,
,,,NDST2,,,PLK1,PSMA7,,NOTCH2,NDC80,,,,,,,,,SNAPC5,SFMBT1,PSMC3,,,,,MMP3,,,,P2RY2,OVOL2,NFKB1,NFIL3,MMP14,,OGFR,MTMR10,PLK1,,,
,,,NEDD4L,,,PLK4,PSMB2,,NSD2,NEDD9,,,,,,,,,SRSF6,SIPA1L1,PTPRD,,,,,MSX1,,,,PAPSS2,PAPSS2,NFKB2,NFKBIZ,MSR1,,P2RY14,MYCN,PLOD2,,,
,,,NFIL3,,,PMS2,PSMB3,,NUMA1,NEK2,,,,,,,,,SSRP1,SLC22A18,RAB27A,,,,,MXRA5,,,,PDLIM3,PCP4,NFKBIA,NOP2,MXD1,,PARP12,NAP1L2,PNO1,,,
,,,NOCT,,,PNN,PSMC4,,NUP50,NET1,,,,,,,,,STX3,SLC7A1,RASGRP1,,,,,MYL9,,,,PDZK1,PDCD4,NFKBIE,NRP1,MYC,,PARP14,NGF,PNP,,,
,,,NR3C1,,,POLA2,PSMC6,,NUP98,NF1,,,,,,,,,SUPT4H1,SMAD3,RET,,,,,MYLK,,,,PEX11A,PDLIM3,NINJ1,NT5E,NAMPT,,PDE4B,NIN,POLR3G,,,
,,,P4HA1,,,POLD1,PSMD1,,NUSAP1,NIN,,,,,,,,,SUPT5H,SMAD7,RFC4,,,,,NID2,,,,PGR,PDZK1,NR4A1,ODC1,NDP,,PELI1,NR0B2,PPA1,,,
,,,P4HA2,,,POLD2,PSMD14,,ODC1,NOTCH2,,,,,,,,,SURF1,SNAI2,RHOB,,,,,NNMT,,,,PLAAT3,PERP,NR4A2,P2RX4,NFKB1,,PFKP,NR1H4,PPIA,,,
,,,PAM,,,POLD3,PSMD3,,ODF2,NUMA1,,,,,,,,,TAF10,SPOP,RPN1,,,,,NOTCH2,,,,PMAIP1,PGR,NR4A3,P4HA1,NFKBIA,,PIM1,NRP1,PPP1R15A,,,
,,,PCK1,,,POLE,PSMD7,,ORC5,NUSAP1,,,,,,,,,TAF12,SRI,RRAD,,,,,NT5E,,,,PODXL,PKP3,OLR1,PDCD2L,NLRP3,,PLA2G4A,PCP4,PRDX1,,,
,,,PDGFB,,,POLE4,PSMD8,,ORC6,OPHN1,,,,,,,,,TAF13,SYNE1,RXRB,,,,,NTM,,,,PPIF,PLAAT3,PANX1,PENK,NMI,,PLSCR1,PCSK1N,PSAT1,,,
,,,PDK1,,,POP7,PTGES3,,PAFAH1B1,PAFAH1B1,,,,,,,,,TAF1C,SYNJ2,SELENOW,,,,,OXTR,,,,PRSS23,PLAC1,PDE4B,PHLDA1,NMUR1,,PML,PDCD1LG2,PSMA3,,,
,,,PDK3,,,PPM1D,PWP1,,PBK,PALLD,,,,,,,,,TAF6,TENT4A,SHOX2,,,,,P3H1,,,,PTGES,PLK4,PDLIM5,PHTF2,NOD2,,PNP,PECAM1,PSMA4,,,
,,,PFKFB3,,,PPP1R8,RACK1,,PDS5B,PCGF5,,,,,,,,,TAF9,TFPI,SIGMAR1,,,,,PCOLCE,,,,RAB17,PLXNB1,PER1,PIM1,NPFFR2,,PNPT1,PEG3,PSMB5,,,
,,,PFKL,,,PRDX4,RAD23B,,PLK1,PCM1,,,,,,,,,TARBP2,TGFBR2,SLC25A4,,,,,PCOLCE2,,,,RAB31,PPIF,PFKFB3,PLAGL1,OLR1,,PSMA2,PIGR,PSMC2,,,
,,,PFKP,,,PRIM2,RAN,,PLK4,PCNT,,,,,,,,,TK2,TGFBR3,SLC6A12,,,,,PDGFRB,,,,RAPGEFL1,PRKAR2B,PHLDA1,PLEC,OPRK1,,PSMA3,PLAT,PSMC4,,,
,,,PGAM2,,,PRKDC,RANBP1,,PML,PDLIM5,,,,,,,,,TMED2,TJP1,SLC6A8,,,,,PDLIM4,,,,RARA,PRLR,PHLDA2,PLIN2,OSM,,PSMB10,PLAU,PSMC6,,,
,,,PGF,,,PRPS1,RFC4,,POLA2,PIF1,,,,,,,,,TP53,TOGARAM1,SOD2,,,,,PFN2,,,,RASGRP1,PRSS23,PLAU,PLPP1,OSMR,,PSMB2,PLAUR,PSMD12,,,
,,,PGK1,,,PSIP1,RNPS1,,POLE,PKD2,,,,,,,,,TSG101,VAV2,SPR,,,,,PLAUR,,,,RBBP8,PTGER3,PLAUR,PLSCR1,P2RX4,,PSMB8,PLEK2,PSMD13,,,
,,,PGM1,,,PSMC3IP,RPL14,,POLQ,PLEKHG2,,,,,,,,,TYMS,VLDLR,SQSTM1,,,,,PLOD1,,,,REEP1,PTGES,PLEK,PNP,P2RX7,,PSMB9,PLVAP,PSMD14,,,
,,,PGM2,,,PTTG1,RPL18,,PRC1,PLK1,,,,,,,,,UMPS,WDR37,STARD3,,,,,PLOD2,,,,RET,PTPN6,PLK2,POU2F1,P2RY2,,PSME1,PPBP,PSME3,,,
,,,PHKG1,,,RACGAP1,RPL22,,PRIM2,PPP4R2,,,,,,,,,UPF3B,YTHDC1,STIP1,,,,,PLOD3,,,,RETREG1,RAB31,PLPP3,PRAF2,PCDH7,,PSME2,PPP1R15A,PSMG1,,,
,,,PIM1,,,RAD1,RPL34,,PRMT5,PRC1,,,,,,,,,USP11,ZMIZ1,STK25,,,,,PMEPA1,,,,RHOBTB3,RABEP1,PMEPA1,PRKCH,PDE4B,,PTGS2,PRDM1,PSPH,,,
,,,PKLR,,,RAD21,RPL6,,PRPF4B,PREX1,,,,,,,,,VPS28,,SULT1A1,,,,,PMP22,,,,RHOD,RAPGEFL1,PNRC1,PRNP,PDPN,,PTPN1,PRELID3B,QDPR,,,
,,,PKP1,,,RAD50,RPLP0,,PTTG1,PXN,,,,,,,,,VPS37B,,TACR3,,,,,POSTN,,,,RPS6KA2,RBBP8,PPP1R15A,PTCH1,PIK3R5,,PTPN2,PRKG2,RAB1A,,,
,,,PLAC8,,,RAD51AP1,RPS10,,PTTG3P,RAB3GAP1,,,,,,,,,VPS37D,,TAP1,,,,,PPIB,,,,RRP12,RET,PTGER4,PTGER2,PLAUR,,PTPN6,PRRX1,RDH11,,,
,,,PLAUR,,,RAD51C,RPS2,,PURA,RABGAP1,,,,,,,,,XPC,,TARS1,,,,,PRRX1,,,,SCARB1,RNASEH2A,PTGS2,PTH1R,PROK2,,RAPGEF6,PSMB8,RIT1,,,
,,,PLIN2,,,RAN,RPS3,,RACGAP1,RACGAP1,,,,,,,,,ZNF707,,TCHH,,,,,PRSS2,,,,SCNN1A,RPS6KA2,PTPRE,PTRH2,PSEN1,,RBCK1,PTBP2,RPA1,,,
,,,PNRC1,,,RANBP1,RPS5,,RAD21,RALBP1,,,,,,,,,ZWINT,,TFRC,,,,,PTHLH,,,,SEC14L2,S100A9,PTX3,PUS1,PTAFR,,RIPK1,PTCD2,RPN1,,,
,,,PPARGC1A,,,RBBP7,RPS6,,RAD23B,RANBP9,,,,,,,,,,,TGFBRAP1,,,,,PTX3,,,,SEMA3B,SCARB1,RCAN1,RABGAP1L,PTGER2,,RIPK2,PTGS2,RRM2,,,
,,,PPFIA4,,,RFC1,RRM1,,RAD54L,RAPGEF5,,,,,,,,,,,TMBIM6,,,,,PVR,,,,SFN,SCNN1A,REL,RGS16,PTGER4,,RNF213,PTPRR,RRP9,,,
,,,PPP1R15A,,,RFC2,RRP9,,RASAL2,RAPGEF6,,,,,,,,,,,TST,,,,,QSOX1,,,,SH3BP5,SCUBE2,RELA,RHOB,PTGIR,,RNF31,RABGAP1L,SC5D,,,
,,,PPP1R3C,,,RFC3,RSL1D1,,RBL1,RASA1,,,,,,,,,,,TUBA4A,,,,,RGS4,,,,SIAH2,SEMA3B,RELB,RHOH,PTPRE,,RSAD2,RBM4,SCD,,,
,,,PRDX5,,,RNASEH2A,RUVBL2,,RBM14,RASA2,,,,,,,,,,,TYRO3,,,,,RHOB,,,,SLC16A1,SERPINA1,RHOB,RNH1,PVR,,RTP4,RBP4,SDF2L1,,,
,,,PRKCA,,,RPA1,SERBP1,,RPA2,RASAL2,,,,,,,,,,,UROD,,,,,SAT1,,,,SLC19A2,SERPINA3,RIPK2,RORA,RAF1,,SAMD9L,RELN,SEC11A,,,
,,,PYGM,,,RPA2,SET,,RPS6KA5,RFC1,,,,,,,,,,,WIZ,,,,,SCG2,,,,SLC1A1,SERPINA5,RNF19B,RRAGD,RASGRP1,,SAMHD1,RETN,SERP1,,,
,,,RBPJ,,,RPA3,SF3A1,,SAP30,RHOF,,,,,,,,,,,YKT6,,,,,SDC1,,,,SLC1A4,SFN,SAT1,S100A1,RELA,,SECTM1,RGS16,SERPINH1,,,
,,,RORA,,,RRM2,SF3B3,,SFPQ,RHOT2,,,,,,,,,,,,,,,,SDC4,,,,SLC22A5,SGK1,SDC4,SCN9A,RGS1,,SELP,SATB1,SHMT2,,,
,,,RRAGD,,,SHMT1,SLC25A3,,SLC12A2,RICTOR,,,,,,,,,,,,,,,,SERPINE1,,,,SLC24A3,SIAH2,SERPINB2,SELL,RGS16,,SERPING1,SCG3,SKAP2,,,
,,,S100A4,,,SLBP,SMARCC1,,SLC38A1,ROCK1,,,,,,,,,,,,,,,,SERPINE2,,,,SLC26A2,SLC16A1,SERPINB8,SELP,RHOG,,SLAMF7,SCG5,SLA,,,
,,,SAP30,,,SMC1A,SNRPA,,SLC7A1,SAC3D1,,,,,,,,,,,,,,,,SERPINH1,,,,SLC27A2,SLC1A4,SERPINE1,SERPINB6,RIPK2,,SLC25A28,SCN1B,SLC1A4,,,
,,,SCARB1,,,SMC3,SNRPA1,,SLC7A5,SASS6,,,,,,,,,,,,,,,,SFRP1,,,,SLC2A1,SLC22A5,SGK1,SERPINC1,RNF144B,,SOCS1,SDCCAG8,SLC1A5,,,
,,,SDC2,,,SMC4,SNRPB2,,SMAD3,SEPTIN9,,,,,,,,,,,,,,,,SFRP4,,,,SLC37A1,SLC24A3,SIK1,SH3BGRL2,ROS1,,SOCS3,SEMA3B,SLC2A1,,,
,,,SDC3,,,SMC6,SNRPD1,,SMARCC1,SHROOM1,,,,,,,,,,,,,,,,SGCB,,,,SLC39A6,SLC26A2,SLC16A6,SHE,RTP4,,SOD2,SERPINA3,SLC2A3,,,
,,,SDC4,,,SNRPB,SNRPD2,,SMC1A,SHROOM2,,,,,,,,,,,,,,,,SGCD,,,,SLC7A2,SLC27A2,SLC2A3,SLC1A5,SCARF1,,SP110,SLPI,SLC37A4,,,
,,,SELENBP1,,,SPAG5,SNRPD3,,SMC2,SMC1A,,,,,,,,,,,,,,,,SGCG,,,,SLC7A5,SLC29A1,SLC2A6,SLC29A2,SCN1B,,SPPL2A,SNAP25,SLC6A6,,,
,,,SERPINE1,,,SPC24,SNRPG,,SMC4,SMC3,,,,,,,,,,,,,,,,SLC6A8,,,,SLC9A3R1,SLC2A8,SMAD3,SLC2A3,SELE,,SRI,SNAP91,SLC7A11,,,
,,,SIAH2,,,SPC25,SRM,,SNRPD1,SMC4,,,,,,,,,,,,,,,,SLIT2,,,,SNX24,SLC7A5,SNN,SLC39A8,SELENOS,,SSPN,SOX9,SLC7A5,,,
,,,SLC25A1,,,SRSF1,SRPK1,,SQLE,SORBS2,,,,,,,,,,,,,,,,SLIT3,,,,SOX3,SLC9A3R1,SOCS3,SMPDL3A,SELL,,ST3GAL5,SPARCL1,SLC9A3R1,,,
,,,SLC2A1,,,SRSF2,SRSF1,,SRSF1,SOS1,,,,,,,,,,,,,,,,SNAI2,,,,STC2,SNX10,SOD2,SNX14,SEMA4D,,ST8SIA4,SPON1,SORD,,,
,,,SLC2A3,,,SSRP1,SRSF2,,SRSF10,SPTAN1,,,,,,,,,,,,,,,,SNTB1,,,,SULT2B1,SORD,SPHK1,SNX9,SERPINE1,,STAT1,SPP1,SQLE,,,
,,,SLC2A5,,,STAG1,SRSF3,,SRSF2,SPTBN1,,,,,,,,,,,,,,,,SPARC,,,,SVIL,SOX3,SPSB1,SOCS1,SGMS2,,STAT2,SPRY2,SQSTM1,,,
,,,SLC37A4,,,STMN1,SRSF7,,SS18,SSH2,,,,,,,,,,,,,,,,SPOCK1,,,,SYBU,ST14,SQSTM1,SOCS2,SLAMF1,,STAT3,ST6GAL1,SRD5A1,,,
,,,SLC6A6,,,SUV39H1,SSB,,STAG1,STAU1,,,,,,,,,,,,,,,,SPP1,,,,SYNGR1,ST6GALNAC2,STAT5A,SPP1,SLC11A2,,STAT4,STRN,SSR1,,,
,,,SRPX,,,SYNCRIP,SSBP1,,STIL,STK38L,,,,,,,,,,,,,,,,TAGLN,,,,SYT12,STIL,TANK,SPRED2,SLC1A2,,TAP1,TFPI,STARD4,,,
,,,STBD1,,,TACC3,STARD7,,STMN1,SUN2,,,,,,,,,,,,,,,,TFPI2,,,,TBC1D30,SULT2B1,TAP1,SPRY4,SLC28A2,,TAPBP,TLR8,STC1,,,
,,,STC1,,,TBRG4,SYNCRIP,,SUV39H1,SYNPO,,,,,,,,,,,,,,,,TGFB1,,,,TFAP2C,TFAP2C,TGIF1,ST3GAL4,SLC31A1,,TDRD7,TMEM100,STIP1,,,
,,,STC2,,,TCF19,TARDBP,,SYNCRIP,TAOK2,,,,,,,,,,,,,,,,TGFBI,,,,TFF1,TFF1,TIPARP,SWAP70,SLC31A2,,TNFAIP2,TMEM158,SYTL2,,,
,,,SULT2B1,,,TFRC,TCP1,,TACC3,TBCD,,,,,,,,,,,,,,,,TGFBR3,,,,TFF3,TFF3,TLR2,SYNGR2,SLC4A4,,TNFAIP3,TMEM176A,TBK1,,,
,,,TES,,,TIMELESS,TFDP1,,TENT4A,TIAM1,,,,,,,,,,,,,,,,TGM2,,,,TGIF2,TFPI2,TNC,SYT11,SLC7A1,,TNFAIP6,TMEM176B,TCEA1,,,
,,,TGFB3,,,TIPIN,TOMM70,,TFDP1,TLK1,,,,,,,,,,,,,,,,THBS1,,,,TGM2,TH,TNF,TGM2,SLC7A2,,TNFSF10,TNFAIP3,TES,,,
,,,TGFBI,,,TK1,TRA2B,,TGFB1,TOP2A,,,,,,,,,,,,,,,,THBS2,,,,THSD4,TIAM1,TNFAIP2,TIAM1,SPHK1,,TOR1B,TNFRSF1B,TFRC,,,
,,,TGM2,,,TMPO,TRIM28,,TLE3,TPX2,,,,,,,,,,,,,,,,THY1,,,,TIAM1,TJP3,TNFAIP3,TLR7,SRI,,TRAFD1,TNNT2,TM7SF2,,,
,,,TIPARP,,,TOP2A,TUFM,,TMPO,TRIO,,,,,,,,,,,,,,,,TIMP1,,,,TIPARP,TMPRSS3,TNFAIP6,TNFRSF18,STAB1,,TRIM14,TOR1AIP2,TMEM97,,,
,,,TKTL1,,,TP53,TXNL4A,,TNPO2,TSC1,,,,,,,,,,,,,,,,TIMP3,,,,TJP3,TNNC1,TNFAIP8,TNFRSF1B,TACR1,,TRIM21,TPH1,TOMM40,,,
,,,TMEM45A,,,TRA2B,TYMS,,TOP1,TTK,,,,,,,,,,,,,,,,TNC,,,,TMEM164,TOB1,TNFRSF9,TNFRSF21,TACR3,,TRIM25,TRAF1,TPI1,,,
,,,TNFAIP3,,,TRIP13,U2AF1,,TOP2A,TUBA4A,,,,,,,,,,,,,,,,TNFAIP3,,,,TMPRSS3,TOP2A,TNFSF9,TNFRSF4,TAPBP,,TRIM26,TRIB1,TRIB3,,,
,,,TPBG,,,TUBB,UBA2,,TPX2,TUBD1,,,,,,,,,,,,,,,,TNFRSF11B,,,,TOB1,TPBG,TNIP1,TNFRSF8,TIMP1,,TXNIP,TRIB2,TUBA4A,,,
,,,TPD52,,,TUBG1,UBE2E1,,TRA2B,TUBGCP2,,,,,,,,,,,,,,,,TNFRSF12A,,,,TPBG,TPD52L1,TNIP2,TNFRSF9,TLR1,,UBE2L6,TSPAN1,TUBG1,,,
,,,TPI1,,,UBE2S,UBE2L3,,TRAIP,TUBGCP3,,,,,,,,,,,,,,,,TPM1,,,,TPD52L1,TPSAB1,TRAF1,TNFSF10,TLR2,,UPP1,TSPAN13,TXNRD1,,,
,,,TPST2,,,UBE2T,USP1,,TROAP,TUBGCP5,,,,,,,,,,,,,,,,TPM2,,,,TSKU,TRIM29,TRIB1,TNFSF11,TLR3,,USP18,TSPAN7,UBE2D3,,,
,,,UGP2,,,UBR7,VBP1,,TTK,TUBGCP6,,,,,,,,,,,,,,,,TPM4,,,,TTC39A,TSPAN13,TRIP10,TRAF1,TNFAIP6,,VAMP5,USH1C,UCHL5,,,
,,,VEGFA,,,UNG,VDAC1,,UBE2C,UXT,,,,,,,,,,,,,,,,VCAM1,,,,TUBB2B,TST,TSC22D1,TTC39B,TNFRSF1B,,VAMP8,USP12,UFM1,,,
,,,VHL,,,USP1,VDAC3,,UBE2S,VCL,,,,,,,,,,,,,,,,VCAN,,,,UGCG,UGDH,TUBB2A,TWSG1,TNFRSF9,,VCAM1,VWA5A,UNG,,,
,,,VLDLR,,,WDR90,XPO1,,UCK2,WASF1,,,,,,,,,,,,,,,,VEGFA,,,,UNC119,UNC13B,VEGFA,UCK2,TNFSF10,,WARS1,WDR33,USO1,,,
,,,WSB1,,,WEE1,XPOT,,UPF1,WASF2,,,,,,,,,,,,,,,,VEGFC,,,,WFS1,WFS1,YRDC,UMPS,TNFSF15,,XAF1,WNT7A,VLDLR,,,
,,,XPNPEP1,,,XPO1,XRCC6,,WRN,WASL,,,,,,,,,,,,,,,,VIM,,,,WWC1,XBP1,ZBTB10,WLS,TNFSF9,,XCL1,YRDC,WARS1,,,
,,,ZFP36,,,XRCC6,YWHAE,,XPO1,YWHAE,,,,,,,,,,,,,,,,WIPF1,,,,XBP1,XRCC3,ZC3H12A,XBP1,TPBG,,ZBP1,ZNF277,XBP1,,,
,,,ZNF292,,,ZW10,YWHAQ,,YTHDC1,,,,,,,,,,,,,,,,,WNT5A,,,,ZNF185,ZFP36,ZFP36,,VIP,,ZNFX1,ZNF639,YKT6,,,